TMA1101,TC01,yjyoong
TMA1101,TC02,lkfoo
TMA1101,TT01,yjyoong
TMA1101,TT02,yjyoong
TMA1101,TT03,lkfoo
TMA1101,TT04,lkfoo
TMA1201,TC01,vijayaa
TMA1201,TC02,deepak
TMA1201,TT01,vijaya
TMA1201,TT02,vijaya
TMA1201,TT03,deepak
TMA1201,TT04,deepak
TMA1401,TC01,shahbe
TMA1401,TT01,shahbe
TMA1501,TC01,hltong
TMA1501,TT01,hltong
TMA1301,TC01,sllim
TMA1301,TC02,sllim
TMA1301,TC03,cykhor
TMA1301,TC04,cykhor
TMA1301,TT01,sllim
TMA1301,TT02,hltong
TMA1301,TT03,sllim
TMA1301,TT04,hltong
TMA1301,TT05,gktong
TMA1301,TT06,cykhor
TMA1301,TT07,gktong
TMA1301,TT08,cykhor
TCP1101,TC01,kwban
TCP1101,TC02,kwban
TCP1101,TT01,kwban
TCP1101,TT02,clgoh
TCP1101,TT03,kwban
TCP1101,TT04,clgoh
TCP1201,TC01,klneoh
TCP1201,TC02,angeline
TCP1201,TC03,angeline
TCP1201,TT01,klneoh
TCP1201,TT02,klneoh
TCP1201,TT03,angeline
TCP1201,TT04,klneoh
TCP1201,TT05,angeline
TCP1201,TT06,johnsee
TSN1101,TC01,nghu
TSN1101,TC02,wkchan
TSN1101,TC03,sctan
TSN1101,TT01,nghu
TSN1101,TT02,nghu
TSN1101,TT03,nghu
TSN1101,TT04,wkchan
TSN1101,TT05,wkchan
TSN1101,TT06,wkchan
TSN1101,TT07,sctan
TSN1101,TT08,sctan
TSN1101,TT09,sctan
TIS1101,TC01,schaw
TIS1101,TC02,slchua
TIS1101,TT01,schaw
TIS1101,TT02,schaw
TIS1101,TT03,schaw
TIS1101,TT04,slchua
TIS1101,TT05,slchua
TIS1101,TT06,slchua
TIS2101,TC01,gktong
TIS2101,TT01,gktong
TSN2201,TC01,khng
TSN2201,TC02,kannan
TSN2201,TT01,khng
TSN2201,TT02,khng
TSN2201,TT03,kannan
TSN2201,TT04,neveen
TCP2201,TC01,natharshah
TCP2201,TC02,natharshah
TCP2201,TC03,ianchai
TCP2201,TT01,natharshah
TCP2201,TT02,sharaf
TCP2201,TT03,natharshah
TCP2201,TT04,sharaf
TCP2201,TT05,wksoo
TCP2101,TC01,kwng
TCP2101,TC02,ytbau
TCP2101,TT01,kwng
TCP2101,TT02,kwng
TCP2101,TT03,kwng
TCP2101,TT04,ytbau
TCP2101,TT05,ytbau
TCP2101,TT06,ytbau
TIS3351,TC01,clgoh
TIS3351,TT01,clgoh
TIS3251,TC01,zarina
TIS3251,TT01,zarina
TIS2351,TC01,norain
TIS2351,TT01,norain
TIC3251,TC01,amylim
TIC3251,TT01,amylim
TSE2451,TC01,tylim
TSE2451,TC02,tylim
TSE2451,TT01,tylim
TSE2451,TT02,norain
TSE2451,TT03,ffchua/tylim
TSE2451,TT04,tylim
TSE2451,TT05,ffchua/norain
TSE3151,TC01,sbho
TSE3151,TT01,sbho
TSE3151,TT02,sbho
TSE3251,TC01,kanes
TSE3251,TC02,azyyati
TSE3251,TT01,kanes
TSE3251,TT02,kanes
TSE3251,TT03,azyyati
TSE3251,TT04,azyyati
TGD2151,TC01,dcku
TGD2151,TT01,dcku
TGD3151,TC01,albert
TGD3151,TT01,albert
TGD3351,TC01,kwban
TGD3351,TT01,kwban
TGD3251,TC01,junaidi
TGD3251,TT01,junaidi
TDS2101,TC01,johnsee
TDS2101,TT01,johnsee
TDS2101,TT02,johnsee
TDS2101,TT03,johnsee
TDS3301,TC01,yploh
TDS3301,TT01,yploh
TDS2201,TC01,cypee
TDS2201,TT01,cypee
TDS2201,TT02,cypee
TDS3401,TC01,lkwong
TDS3401,TT01,lkwong
TDS3401,TT02,amylim
TDS3401,TT03,amylim
TSN3251,TC01,wksoo
TSN3251,TT01,wksoo
TSN3251,TT02,wksoo
TSE2251,TC01,helmi
TSE2251,TT01,helmi
TSE2251,TT02,helmi
TIS2151,TC01,aziah
TIS2151,TT01,aziah
TIS2151,TT02,aziah
TIS3451,TC01,zarina
TIS3451,TT01,zarina
TIC2151 ,TC01,nbhan
TIC2151 ,TT01,nbhan
TIC2151 ,TT02,nbhan
TCP2451,TC01,sharaf
TCP2451,TT01,sharaf
TSE3351,TC01,etyeoh
TSE3351,TT01,etyeoh
TSE3351,TT02,sbho
TGD3451,TC01,albert
TGD3451,TT01,albert
TGD2251,TC01,ypwong
TGD2251,TT01,ypwong
TDS3751,TC01,hngoh
TDS3751,TT01,hngoh
TDS3751,TT02,hngoh
TDS3551,TC01,timothy
TDS3551,TT01,timothy
TDS3551,TT02,timothy
TSN3151,TC01,ianchai
TSN3151,TT01,ianchai
TSN3151,TT02,ianchai
TSN2101,TC01,timothy
TSN2101,TT01,timothy
